<?xml version="1.0" encoding="UTF-8" ?>
<!DOCTYPE log4j:configuration SYSTEM "log4j.dtd">

<log4j:configuration xmlns:log4j="http://jakarta.apache.org/log4j/">

   <!-- Define appenders -->
   <appender name="ConsoleAppender" class="org.apache.log4j.ConsoleAppender">
      <layout class="org.apache.log4j.PatternLayout">
         <param name="ConversionPattern" value="%d{HH:mm:ss,SSS} [%t] %-5p: %m%n"/>
      </layout>
   </appender>
   <!--
     <appender name="LogFileAppender" class="org.apache.log4j.FileAppender">
        <param name="File" value="glacier-example-log.txt"/>
        <layout class="org.apache.log4j.PatternLayout">
           <param name="ConversionPattern" value="%d [%t] %-5p %c{3} %x- %m %n"/>
        </layout>
     </appender>
   -->

   <!-- Define logging categories -->
   <!--
      <category name="RobotControlPanel">
         <priority value="debug"/>
      </category>
   -->

   <root>
      <priority value="debug"/>
      <appender-ref ref="ConsoleAppender"/>
      <!-- <appender-ref ref="LogFileAppender"/> -->
   </root>

</log4j:configuration>